Subject,Start Date,Start Time,End Date,End Time,All Day Event,Description
[ライブ/イベント] 「5th ALBUM MEMORIAL LIVE『My respect』 リピート配信」,2026/03/01,,2026/03/01,,True,ライブ/イベント
[ミート&グリート] 「5thアルバム「My respect」発売記念 リアルミート＆グリート＠幕張メッセ」,2026/03/01,,2026/03/01,,True,ミート&グリート
[ラジオ] 文化放送「乃木坂46の「の」」菅原咲月、岩本蓮加,2026/03/01,18:00,2026/03/01,18:30,False,ラジオ
[ラジオ] NHKラジオ第1「らじらー！サンデー」川﨑桜、菅原咲月、瀬戸口心月,2026/03/01,20:05,2026/03/01,22:55,False,ラジオ
[テレビ] テレビ東京系「乃木坂工事中」,2026/03/01,24:15,2026/03/01,24:45,False,テレビ
[その他] ANA機内番組「乃木坂46 Special」川﨑桜,2026/03/01,,2026/03/01,,True,その他
[舞台/ミュージカル] 「レイディ・ベス」奥田いろは,2026/03/02,,2026/03/02,,True,舞台/ミュージカル
[WEB] SHOWROOM「のぎおび」弓木奈於,2026/03/02,18:30,2026/03/02,19:30,False,WEB
[WEB] YouTube「週刊乃木坂ニュース」菅原咲月,2026/03/02,20:00,2026/03/02,21:00,False,WEB
[ラジオ] TOKYO FM「SCHOOL OF LOCK!（ARTIST LOCKS!「乃木坂LOCKS!」）」井上和,2026/03/02,22:00,2026/03/02,23:55,False,ラジオ
[テレビ] 日本テレビ「乃木坂スター誕生！SIX」6期生,2026/03/02,25:09,2026/03/02,25:39,False,テレビ
[書籍] 「セブンティーン」増田三莉音,2026/03/02,,2026/03/02,,True,書籍
[誕生日] 柴田 柚菜,2026/03/03,,2026/03/03,,True,誕生日
[舞台/ミュージカル] 「レイディ・ベス」奥田いろは,2026/03/03,,2026/03/03,,True,舞台/ミュージカル
[WEB] SHOWROOM「のぎおび」田村真佑,2026/03/03,19:00,2026/03/03,20:00,False,WEB
[ラジオ] FM FUJI「タイムちゃん」大越ひなの,2026/03/03,21:00,2026/03/03,23:00,False,ラジオ
[ラジオ] TOKYO FM「SCHOOL OF LOCK!（ARTIST LOCKS!「乃木坂LOCKS!」）」井上和,2026/03/03,22:00,2026/03/03,23:55,False,ラジオ
[ラジオ] BAYFM「乃木坂46 柴田柚菜のDreaming time」柴田柚菜,2026/03/03,23:00,2026/03/03,23:27,False,ラジオ
[テレビ] TOKYO MX「小峠英二のなんて美だ！」池田瑛紗,2026/03/03,24:00,2026/03/03,24:30,False,テレビ
[WEB] のぎ動画「一ノ瀬リポーターが帰ってきた！アプリリリース1周年記念！特別番組無料配信」一ノ瀬美空、愛宕心響、池田瑛紗、岩本蓮加、小川彩、瀬戸口心月、筒井あやめ、林瑠奈、弓木奈於,2026/03/03,,2026/03/03,,True,WEB
[舞台/ミュージカル] 「レイディ・ベス」奥田いろは,2026/03/04,,2026/03/04,,True,舞台/ミュージカル
[舞台/ミュージカル] 「舞台 １リットルの涙」伊藤理々杏,2026/03/04,,2026/03/04,,True,舞台/ミュージカル
[テレビ] KKB鹿児島放送「News＋おやっと！」瀬戸口心月,2026/03/04,17:33,2026/03/04,19:00,False,テレビ
[WEB] SHOWROOM「のぎおび」岡本姫奈,2026/03/04,18:00,2026/03/04,19:00,False,WEB
[ラジオ] TOKYO FM「SCHOOL OF LOCK!（ARTIST LOCKS!「乃木坂LOCKS!」）」井上和,2026/03/04,22:00,2026/03/04,23:55,False,ラジオ
[テレビ] 朝日放送テレビ「これ余談なんですけど・・・」黒見明香,2026/03/04,23:20,2026/03/04,24:20,False,テレビ
[ラジオ] BAYFM「乃木坂46 小川彩のbaby baby maybe」小川彩,2026/03/04,24:00,2026/03/04,24:27,False,ラジオ
[ラジオ] ニッポン放送「乃木坂46のオールナイトニッポン」井上和,2026/03/04,25:00,2026/03/04,27:00,False,ラジオ
[書籍] 「週刊少年マガジン」瀬戸口心月,2026/03/04,,2026/03/04,,True,書籍
[舞台/ミュージカル] 「舞台 １リットルの涙」伊藤理々杏,2026/03/05,,2026/03/05,,True,舞台/ミュージカル
[テレビ] フジテレビ系「ミュージックジェネレーション」弓木奈於,2026/03/05,19:00,2026/03/05,21:54,False,テレビ
[WEB] SHOWROOM「のぎおび」黒見明香,2026/03/05,20:45,2026/03/05,21:45,False,WEB
[ラジオ] TOKYO FM「SCHOOL OF LOCK!（ARTIST LOCKS!「乃木坂LOCKS!」）」井上和,2026/03/05,22:00,2026/03/05,23:55,False,ラジオ
[ラジオ] TOKYO FM「SCHOOL OF LOCK!（ARTIST LOCKS!「乃木坂LOCKS!」）」賀喜遥香,2026/03/05,22:00,2026/03/05,23:55,False,ラジオ
[書籍] 「朝日新聞 全国版朝刊WBC特集面」黒見明香,2026/03/05,,2026/03/05,,True,書籍
[舞台/ミュージカル] 「舞台 １リットルの涙」伊藤理々杏,2026/03/06,,2026/03/06,,True,舞台/ミュージカル
[ラジオ] NHK-FM（千葉放送局）「花ラジちば」柴田柚菜,2026/03/06,11:00,2026/03/06,12:00,False,ラジオ
[ラジオ] AIR-G' FM北海道「IMAREAL（乃木坂46 金川紗耶のイマレコ！）」金川紗耶,2026/03/06,18:00,2026/03/06,22:00,False,ラジオ
[ラジオ] FM FUJI「～DJ KOO PRESENTS～ BEAT GOES ON」鈴木佑捺,2026/03/06,20:00,2026/03/06,20:56,False,ラジオ
[ラジオ] J-WAVE「INNOVATION WORLD（FRONT ROW STUDENTS）」池田瑛紗,2026/03/06,20:00,2026/03/06,22:00,False,ラジオ
[WEB] SHOWROOM「のぎおび」柴田柚菜,2026/03/06,20:00,2026/03/06,21:00,False,WEB
[ラジオ] TOKYO FM「ベルク presents 乃木坂46の乃木坂に相談だ！」田村真佑、一ノ瀬美空,2026/03/06,20:30,2026/03/06,20:55,False,ラジオ
[ラジオ] FM FUJI「沈黙の金曜日」愛宕心響,2026/03/06,21:00,2026/03/06,23:00,False,ラジオ
[テレビ] テレビ東京系「東京パソコンクラブ」吉田綾乃クリスティー、弓木奈於、林瑠奈 ※ナレーション：佐藤璃果,2026/03/06,26:00,2026/03/06,26:30,False,テレビ
[書籍] 「ダ・ヴィンチ」梅澤美波,2026/03/06,,2026/03/06,,True,書籍
[書籍] 「月刊GoodsPress」冨里奈央、梅澤美波,2026/03/06,,2026/03/06,,True,書籍
[WEB] のぎ動画「ひとりでできるもん セカンド #3」海邉朱莉,2026/03/06,,2026/03/06,,True,WEB
[ライブ/イベント] 「プロスピA ファンフェスタ＆チャンピオンシップ」黒見明香,2026/03/07,,2026/03/07,,True,ライブ/イベント
[舞台/ミュージカル] 「レイディ・ベス」奥田いろは,2026/03/07,,2026/03/07,,True,舞台/ミュージカル
[舞台/ミュージカル] 「舞台 １リットルの涙」伊藤理々杏,2026/03/07,,2026/03/07,,True,舞台/ミュージカル
[ラジオ] 東海ラジオ「乃木坂46　岡本姫奈のおかひな時間」岡本姫奈,2026/03/07,11:30,2026/03/07,12:00,False,ラジオ
[テレビ] 岩手朝日テレビ「希望のまちめぐり～Build Back Better～」佐藤璃果,2026/03/07,16:00,2026/03/07,16:30,False,テレビ
[舞台/ミュージカル] 「レイディ・ベス」奥田いろは,2026/03/08,,2026/03/08,,True,舞台/ミュージカル
[舞台/ミュージカル] 「舞台 １リットルの涙」伊藤理々杏,2026/03/08,,2026/03/08,,True,舞台/ミュージカル
[ラジオ] 文化放送「乃木坂46の「の」」菅原咲月、中西アルノ,2026/03/08,18:00,2026/03/08,18:30,False,ラジオ
[テレビ] テレビ東京系「乃木坂工事中」,2026/03/08,24:15,2026/03/08,24:45,False,テレビ
[舞台/ミュージカル] 「レイディ・ベス」奥田いろは,2026/03/09,,2026/03/09,,True,舞台/ミュージカル
[WEB] SHOWROOM「のぎおび」中西アルノ,2026/03/09,19:00,2026/03/09,20:00,False,WEB
[WEB] YouTube「週刊乃木坂ニュース～アンダラ1週間前SP～」菅原咲月、岩本蓮加、岡本姫奈、佐藤璃果、瀬戸口心月,2026/03/09,20:00,2026/03/09,21:00,False,WEB
[テレビ] 日本テレビ「乃木坂スター誕生！SIX」6期生,2026/03/09,25:09,2026/03/09,25:39,False,テレビ
[WEB] SHOWROOM「のぎおび」冨里奈央,2026/03/10,19:00,2026/03/10,20:00,False,WEB
[ラジオ] FM FUJI「タイムちゃん」大越ひなの,2026/03/10,21:00,2026/03/10,23:00,False,ラジオ
[ラジオ] BAYFM「乃木坂46 柴田柚菜のDreaming time」柴田柚菜,2026/03/10,23:00,2026/03/10,23:27,False,ラジオ
[テレビ] TOKYO MX「小峠英二のなんて美だ！」池田瑛紗,2026/03/10,24:00,2026/03/10,24:30,False,テレビ
[ラジオ] 「らじらー！サンデー in 帯広（公開収録）」川﨑桜、池田瑛紗、賀喜遥香,2026/03/10,,2026/03/10,,True,ラジオ
[舞台/ミュージカル] 「レイディ・ベス」奥田いろは,2026/03/11,,2026/03/11,,True,舞台/ミュージカル
[WEB] SHOWROOM「猫舌SHOWROOM」田村真佑、筒井あやめ,2026/03/11,19:00,2026/03/11,21:00,False,WEB
[WEB] SHOWROOM「のぎおび」五百城茉央,2026/03/11,21:00,2026/03/11,22:00,False,WEB
[ラジオ] BAYFM「乃木坂46 小川彩のbaby baby maybe」小川彩,2026/03/11,24:00,2026/03/11,24:27,False,ラジオ
[ラジオ] ニッポン放送「乃木坂46のオールナイトニッポン」井上和,2026/03/11,25:00,2026/03/11,27:00,False,ラジオ
[WEB] のぎ動画「がんばれ乃木坂 #4 もう一度 弓道を始めたい！」井上和 ※ナレーション：長嶋凛桜,2026/03/11,,2026/03/11,,True,WEB
[ラジオ] TOKYO FM「SCHOOL OF LOCK!（ARTIST LOCKS!「乃木坂LOCKS!」）」賀喜遥香,2026/03/12,22:00,2026/03/12,23:55,False,ラジオ
[舞台/ミュージカル] 「レイディ・ベス」奥田いろは,2026/03/13,,2026/03/13,,True,舞台/ミュージカル
[WEB] SHOWROOM「のぎおび」菅原咲月,2026/03/13,19:00,2026/03/13,20:00,False,WEB
[ラジオ] FM FUJI「～DJ KOO PRESENTS～ BEAT GOES ON」鈴木佑捺,2026/03/13,20:00,2026/03/13,20:56,False,ラジオ
[ラジオ] J-WAVE「INNOVATION WORLD（FRONT ROW STUDENTS）」池田瑛紗,2026/03/13,20:00,2026/03/13,22:00,False,ラジオ
[ラジオ] TOKYO FM「ベルク presents 乃木坂46の乃木坂に相談だ！」田村真佑、一ノ瀬美空,2026/03/13,20:30,2026/03/13,20:55,False,ラジオ
[ラジオ] FM FUJI「沈黙の金曜日」弓木奈於,2026/03/13,21:00,2026/03/13,23:00,False,ラジオ
[テレビ] テレビ東京系「東京パソコンクラブ」吉田綾乃クリスティー、弓木奈於、林瑠奈 ※ナレーション：佐藤璃果,2026/03/13,26:00,2026/03/13,26:30,False,テレビ
[WEB] 「FODドラマ「コントラスト」8話一挙配信開始」冨里奈央,2026/03/13,,2026/03/13,,True,WEB
[ライブ/イベント] 「東京ガールズコレクション 2026 SPRING/SUMMER」一ノ瀬美空、井上和、梅澤美波、遠藤さくら、金川紗耶、川﨑桜、筒井あやめ,2026/03/14,,2026/03/14,,True,ライブ/イベント
[テレビ] NHK総合テレビ（仙台放送局）「あの日、何をしていましたか？」矢田萌華,2026/03/14,09:45,2026/03/14,09:50,False,テレビ
[ラジオ] 東海ラジオ「乃木坂46　岡本姫奈のおかひな時間」岡本姫奈,2026/03/14,11:30,2026/03/14,12:00,False,ラジオ
[テレビ] NHK総合「Venue101 EXTRA in 仙台 ～震災から15年 未来へ～」,2026/03/14,23:00,2026/03/14,23:45,False,テレビ
[ライブ/イベント] 「CREATEs presents IDOL RUNWAY COLLECTION 2026 Supported by TGC」,2026/03/15,,2026/03/15,,True,ライブ/イベント
[舞台/ミュージカル] 「レイディ・ベス」奥田いろは,2026/03/15,,2026/03/15,,True,舞台/ミュージカル
[ラジオ] 文化放送「乃木坂46の「の」」菅原咲月、弓木奈於,2026/03/15,18:00,2026/03/15,18:30,False,ラジオ
[ラジオ] NHKラジオ第1「らじらー！サンデー」川﨑桜、池田瑛紗、賀喜遥香,2026/03/15,20:05,2026/03/15,22:55,False,ラジオ
[テレビ] テレビ東京系「乃木坂工事中」,2026/03/15,24:15,2026/03/15,24:45,False,テレビ
[舞台/ミュージカル] 「レイディ・ベス」奥田いろは,2026/03/16,,2026/03/16,,True,舞台/ミュージカル
[WEB] SHOWROOM「のぎおび」小川彩,2026/03/16,18:30,2026/03/16,19:30,False,WEB
[WEB] YouTube「週刊乃木坂ニュース」菅原咲月,2026/03/16,19:15,2026/03/16,20:15,False,WEB
[WEB] YouTube「川﨑桜1st写真集エチュード 発売記念生配信」川﨑桜,2026/03/16,20:00,2026/03/16,21:00,False,WEB
[書籍] 「EX大衆」大越ひなの、柴田柚菜、冨里奈央、中西アルノ、吉田綾乃クリスティー、大越ひなの、海邉朱莉,2026/03/16,,2026/03/16,,True,書籍
[誕生日] 中西 アルノ,2026/03/17,,2026/03/17,,True,誕生日
[ライブ/イベント] 「41stSGアンダーライブ」,2026/03/17,,2026/03/17,,True,ライブ/イベント
[舞台/ミュージカル] 「レイディ・ベス」奥田いろは,2026/03/17,,2026/03/17,,True,舞台/ミュージカル
[テレビ] フジテレビ系「めざましテレビ」井上和,2026/03/17,05:25,2026/03/17,08:14,False,テレビ
[ラジオ] FM FUJI「タイムちゃん」林瑠奈,2026/03/17,21:00,2026/03/17,23:00,False,ラジオ
[ラジオ] BAYFM「乃木坂46 柴田柚菜のDreaming time」柴田柚菜,2026/03/17,23:00,2026/03/17,23:27,False,ラジオ
[テレビ] TOKYO MX「小峠英二のなんて美だ！」池田瑛紗,2026/03/17,24:00,2026/03/17,24:30,False,テレビ
[ライブ/イベント] 「41stSGアンダーライブ」,2026/03/18,,2026/03/18,,True,ライブ/イベント
[WEB] SHOWROOM「猫舌SHOWROOM」,2026/03/18,19:00,2026/03/18,21:00,False,WEB
[ラジオ] TOKYO FM「SCHOOL OF LOCK!」井上和、賀喜遥香,2026/03/18,22:00,2026/03/18,23:55,False,ラジオ
[ラジオ] BAYFM「乃木坂46 小川彩のbaby baby maybe」小川彩,2026/03/18,24:00,2026/03/18,24:27,False,ラジオ
[ラジオ] ニッポン放送「乃木坂46のオールナイトニッポン」井上和,2026/03/18,25:00,2026/03/18,27:00,False,ラジオ
[ライブ/イベント] 「41stSGアンダーライブ」,2026/03/19,,2026/03/19,,True,ライブ/イベント
[舞台/ミュージカル] 「レイディ・ベス」奥田いろは,2026/03/19,,2026/03/19,,True,舞台/ミュージカル
[テレビ] フジテレビ系「この世界は1ダフル」冨里奈央,2026/03/19,21:00,2026/03/19,21:54,False,テレビ
[ラジオ] TOKYO FM「SCHOOL OF LOCK!（ARTIST LOCKS!「乃木坂LOCKS!」）」賀喜遥香,2026/03/19,22:00,2026/03/19,23:55,False,ラジオ
[ミート&グリート] 「5thアルバム「My respect」発売記念 スペシャルオンラインミート&グリート」,2026/03/20,,2026/03/20,,True,ミート&グリート
[ラジオ] AIR-G' FM北海道「IMAREAL（乃木坂46 金川紗耶のイマレコ！）」金川紗耶,2026/03/20,18:00,2026/03/20,22:00,False,ラジオ
[ラジオ] FM FUJI「～DJ KOO PRESENTS～ BEAT GOES ON」鈴木佑捺,2026/03/20,20:00,2026/03/20,20:56,False,ラジオ
[ラジオ] TOKYO FM「ベルク presents 乃木坂46の乃木坂に相談だ！」田村真佑、一ノ瀬美空,2026/03/20,20:30,2026/03/20,20:55,False,ラジオ
[ラジオ] FM FUJI「沈黙の金曜日」弓木奈於,2026/03/20,21:00,2026/03/20,23:00,False,ラジオ
[テレビ] テレビ東京系「東京パソコンクラブ」吉田綾乃クリスティー、弓木奈於、林瑠奈 ※ナレーション：佐藤璃果,2026/03/20,26:00,2026/03/20,26:30,False,テレビ
[舞台/ミュージカル] 「レイディ・ベス」奥田いろは,2026/03/21,,2026/03/21,,True,舞台/ミュージカル
[ラジオ] 東海ラジオ「乃木坂46　岡本姫奈のおかひな時間」岡本姫奈,2026/03/21,11:30,2026/03/21,12:00,False,ラジオ
[テレビ] TBSテレビ系「超タッグ祭」菅原咲月、弓木奈於,2026/03/21,14:00,2026/03/21,15:00,False,テレビ
[テレビ] TBSチャンネル1「Spicy Sessions with 吉柳咲良」中西アルノ,2026/03/21,23:30,2026/03/21,24:30,False,テレビ
[書籍] 「東京カレンダー」池田瑛紗,2026/03/21,,2026/03/21,,True,書籍
[ミート&グリート] 「5thアルバム「My respect」発売記念 スペシャルオンラインミート&グリート」,2026/03/22,,2026/03/22,,True,ミート&グリート
[舞台/ミュージカル] 「レイディ・ベス」奥田いろは,2026/03/22,,2026/03/22,,True,舞台/ミュージカル
[ラジオ] 文化放送「乃木坂46の「の」」菅原咲月、冨里奈央,2026/03/22,18:00,2026/03/22,18:30,False,ラジオ
[ラジオ] NHKラジオ第1「らじらー！サンデー」,2026/03/22,20:05,2026/03/22,22:55,False,ラジオ
[テレビ] テレビ東京系「乃木坂工事中」,2026/03/22,24:15,2026/03/22,24:45,False,テレビ
[テレビ] フジテレビ系「めざましテレビ」井上和,2026/03/23,05:25,2026/03/23,08:14,False,テレビ
[書籍] 「アップトゥボーイ」梅澤美波、黒見明香,2026/03/23,,2026/03/23,,True,書籍
[舞台/ミュージカル] 「レイディ・ベス」奥田いろは,2026/03/24,,2026/03/24,,True,舞台/ミュージカル
[ラジオ] FM FUJI「タイムちゃん」大越ひなの,2026/03/24,21:00,2026/03/24,23:00,False,ラジオ
[ラジオ] BAYFM「乃木坂46 柴田柚菜のDreaming time」柴田柚菜,2026/03/24,23:00,2026/03/24,23:27,False,ラジオ
[テレビ] TOKYO MX「小峠英二のなんて美だ！」池田瑛紗,2026/03/24,24:00,2026/03/24,24:30,False,テレビ
[書籍] 「B.L.T.graduation2026 中学・高校卒業」小川彩,2026/03/24,,2026/03/24,,True,書籍
[舞台/ミュージカル] 「レイディ・ベス」奥田いろは,2026/03/25,,2026/03/25,,True,舞台/ミュージカル
[WEB] SHOWROOM「猫舌SHOWROOM」,2026/03/25,19:00,2026/03/25,21:00,False,WEB
[テレビ] NHK総合（帯広放送局）「らじらー！サンデー in 帯広」川﨑桜、池田瑛紗、賀喜遥香,2026/03/25,23:50,2026/03/25,24:45,False,テレビ
[ラジオ] BAYFM「乃木坂46 小川彩のbaby baby maybe」小川彩,2026/03/25,24:00,2026/03/25,24:27,False,ラジオ
[ラジオ] ニッポン放送「乃木坂46のオールナイトニッポン」井上和,2026/03/25,25:00,2026/03/25,27:00,False,ラジオ
[舞台/ミュージカル] 「レイディ・ベス」奥田いろは,2026/03/26,,2026/03/26,,True,舞台/ミュージカル
[ラジオ] TOKYO FM「SCHOOL OF LOCK!（ARTIST LOCKS!「乃木坂LOCKS!」）」賀喜遥香,2026/03/26,22:00,2026/03/26,23:55,False,ラジオ
[テレビ] フジテレビ系「めざましテレビ」井上和,2026/03/27,05:25,2026/03/27,08:14,False,テレビ
[ラジオ] FM FUJI「～DJ KOO PRESENTS～ BEAT GOES ON」鈴木佑捺,2026/03/27,20:00,2026/03/27,20:56,False,ラジオ
[ラジオ] J-WAVE「INNOVATION WORLD（FRONT ROW STUDENTS）」池田瑛紗,2026/03/27,20:00,2026/03/27,22:00,False,ラジオ
[ラジオ] TOKYO FM「ベルク presents 乃木坂46の乃木坂に相談だ！」田村真佑、一ノ瀬美空,2026/03/27,20:30,2026/03/27,20:55,False,ラジオ
[ラジオ] FM FUJI「沈黙の金曜日」弓木奈於,2026/03/27,21:00,2026/03/27,23:00,False,ラジオ
[テレビ] BSプレミアム4K「Venue101 EXTRA in 仙台 ～震災から15年 未来へ～」,2026/03/27,21:50,2026/03/27,22:50,False,テレビ
[テレビ] テレビ東京系「東京パソコンクラブ」吉田綾乃クリスティー、弓木奈於、林瑠奈,2026/03/27,26:00,2026/03/27,26:30,False,テレビ
[書籍] 「B.L.T.」筒井あやめ、森平麗心、弓木奈於,2026/03/27,,2026/03/27,,True,書籍
[ライブ/イベント] 「SCHOOL OF LOCK! 20th Anniversary MY GENERATION 2026 supported by マイナビ」賀喜遥香、井上和,2026/03/28,,2026/03/28,,True,ライブ/イベント
[ラジオ] 東海ラジオ「乃木坂46　岡本姫奈のおかひな時間」岡本姫奈,2026/03/28,11:30,2026/03/28,12:00,False,ラジオ
[テレビ] テレビ朝日系「芸能人格付けチェック  BASIC　春の3時間半スペシャル」一ノ瀬美空、井上和、梅澤美波、賀喜遥香,2026/03/28,18:30,2026/03/28,22:00,False,テレビ
[ラジオ] 文化放送「乃木坂46の「の」」菅原咲月,2026/03/29,18:00,2026/03/29,18:30,False,ラジオ
[ラジオ] NHKラジオ第1「らじらー！サンデー」,2026/03/29,20:05,2026/03/29,22:55,False,ラジオ
[テレビ] テレビ東京系「乃木坂工事中」,2026/03/29,24:15,2026/03/29,24:45,False,テレビ
[ラジオ] 文化放送「レコメン！」長嶋凛桜、矢田萌華,2026/03/30,22:00,2026/03/30,25:00,False,ラジオ
[ラジオ] FM FUJI「タイムちゃん」大越ひなの,2026/03/31,21:00,2026/03/31,23:00,False,ラジオ
[ラジオ] BAYFM「乃木坂46 柴田柚菜のDreaming time」柴田柚菜,2026/03/31,23:00,2026/03/31,23:27,False,ラジオ
[テレビ] TOKYO MX「小峠英二のなんて美だ！」池田瑛紗,2026/03/31,24:00,2026/03/31,24:30,False,テレビ
